objectid,route_id,from_measure,to_measure,route_system,route_number,route_direction,rd_seg_id,facility,mile_count,f_class,urban_area,urban_type,f_f_class,jurisdictn,nhs,fd_aid_rd,control,num_lanes,opp_lanes,surface_tp,surface_wd,shldr_rt_w,shldr_rt_t,shldr_lt_w,shldr_lt_t,shldr_ul_w,shldr_ul_t,med_width,med_type,curb,lt_sidewlk,rt_sidewlk,pd_sf_type,pd_fc_type,operation,speed_lim,op_dir_sl,speed,t_exc_type,t_exc_time,trk_permit,trk_netwrk,truck_rte,row_width,struct_cnd,terrain,toll_road,mhs,city,mun_type,county,hwy_dist,mpo,rpa,rta,st_name,fm_st_name,to_st_name,city_maint,aadt,aadt_year,aadt_deriv,statn_num,stationid,length,iri,iri_year,psi,psi_year,rutting,crk_ftigue,crk_trnsvs,testdate,st_length_shape_
1,I495 NB,113.997000040000003,114.097000029999990,I,495,NB,178189,1,1,1,09271,1,1,1,1,1,1,3,3,6,36.000000000000000,10.000000000000000,3,4.000000000000000,3,0.000000000000000,0,99.000000000000000,2,0,0,0,,,2,65,0,65,1,1,,,1,300.000000000000000,1,1,,,128,1,9,4,Merrimack Valley,MVPC,MVRTA,INTERSTATE 495,METHUEN TOWN LINE,MERRIMAC TOWN LINE,128,70596,2017,1,,,0.098366360000000,33.767000000000003,2017,3.940000000000000,2017,0.103400000000000,0.000000000000000,,10/19/2017 0:00:00,158.305306292651608
2,I495 SB,16.306000010000002,16.405999989999998,I,495,SB,244713,1,0,1,09271,1,1,1,1,1,1,3,3,6,36.000000000000000,10.000000000000000,3,4.000000000000000,3,0.000000000000000,0,90.000000000000000,2,0,0,0,,,2,65,0,65,,,,1,,300.000000000000000,1,1,,,181,2,9,4,Merrimack Valley,MVPC,MVRTA,INTERSTATE 495,LAWRENCE CITY LINE,HAVERHILL CITY LINE,181,97292,2014,1,5004,5004,0.098055790000000,55.854999999999997,2017,3.393000000000000,2017,0.157200000000000,0.716540400000000,,10/19/2017 0:00:00,157.805497235736112
3,I495 NB,24.408999999999999,24.456110339999999,I,495,NB,376125,1,1,1,09271,1,1,1,1,1,1,3,3,6,36.000000000000000,10.000000000000000,3,4.000000000000000,3,0.000000000000000,0,99.000000000000000,2,0,0,0,,,2,65,0,65,1,1,,,1,200.000000000000000,1,1,,,293,1,5,5,Southeastern Massachusetts,SRPEDD,GATRA,INTERSTATE 495,RAYNHAM TOWN LINE,NORTON TOWN LINE,293,77361,2017,6,,,0.046340750000000,46.277999999999999,2017,4.100000000000000,2017,0.123300000000000,0.220385670000000,,10/17/2017 0:00:00,74.578210511985333
4,I495 NB,20.118999980000002,20.219000030000000,I,495,NB,72928,1,1,1,09271,1,1,1,1,1,1,3,3,6,36.000000000000000,10.000000000000000,3,4.000000000000000,3,0.000000000000000,0,99.000000000000000,2,0,0,0,,,2,65,0,65,,,,1,,200.000000000000000,1,1,,,42,2,23,5,Old Colony,OCPC,BAT,INTERSTATE 495,RAYNHAM TOWN LINE,RAYNHAM TOWN LINE,42,65821,2017,6,,,0.098366370000000,37.948999999999998,2017,4.500000000000000,2017,0.175200000000000,0.000000000000000,,10/17/2017 0:00:00,158.305321840388046
5,I190 SB,10.751999979999999,10.755517240000000,I,190,SB,407466,1,0,1,97291,1,1,1,1,1,1,2,2,6,24.000000000000000,10.000000000000000,3,4.000000000000000,3,0.000000000000000,0,99.000000000000000,2,,0,0,,,2,65,0,65,1,1,,,1,650.000000000000000,1,1,,,321,2,27,3,Central Massachusetts,CMRPC,WRTA,INTERSTATE 190,,,321,33143,2014,1,3293,3293,0.003596310000000,80.763999999999996,2017,3.263000000000000,2017,0.260300000000000,1.308539940000000,,10/6/2017 0:00:00,5.787705046043725
6,I495 SB,72.262999989999997,72.362999979999998,I,495,SB,248778,1,0,1,09271,1,1,1,1,1,1,3,3,6,36.000000000000000,10.000000000000000,3,4.000000000000000,3,0.000000000000000,0,99.000000000000000,2,0,0,0,,,2,65,0,65,1,1,,,1,90.000000000000000,1,1,,,185,2,27,3,Boston Region,MAPC,NONE,INTERSTATE 495,MEDWAY TOWN LINE,HOPKINTON TOWN LINE,185,79081,2014,1,3321,3321,0.098055900000000,53.395000000000003,2017,4.283000000000000,2017,0.154400000000000,0.000000000000000,,10/18/2017 0:00:00,157.805668618399125
7,I195 WB,21.447500800000000,21.507984449999999,I,195,WB,110929,1,0,1,61786,2,1,1,1,1,1,3,3,6,36.000000000000000,10.000000000000000,3,4.000000000000000,3,0.000000000000000,0,80.000000000000000,2,0,0,0,,,2,65,0,65,1,1,,,1,50.000000000000000,1,1,,,72,2,5,5,Southeastern Massachusetts,SRPEDD,SRTA,INTERSTATE 195,WESTPORT TOWN LINE,NEW BEDFORD CITY LINE,72,64158,2014,1,6107,6107,0.058643290000000,53.341000000000001,2017,4.234000000000000,2017,0.164300000000000,0.000000000000000,,10/10/2017 0:00:00,94.377230141209722
8,I495 NB,67.457000019999995,67.557000000000002,I,495,NB,37039,1,1,1,09271,1,1,1,1,1,1,3,3,6,36.000000000000000,10.000000000000000,3,4.000000000000000,3,0.000000000000000,0,99.000000000000000,2,0,0,0,,,2,65,0,65,,,,1,,300.000000000000000,1,1,,,28,2,27,3,Central Massachusetts,CMRPC,WRTA,INTERSTATE 495,HUDSON TOWN LINE,BOLTON TOWN LINE,28,104745,2017,6,,,0.098366320000000,41.789000000000001,2017,4.031000000000000,2017,0.074800000000000,0.489267680000000,,10/18/2017 0:00:00,158.305254132167050
9,I495 NB,110.917000000000002,110.997000009999994,I,495,NB,175799,1,1,1,09271,1,1,1,1,1,1,3,3,6,36.000000000000000,10.000000000000000,3,4.000000000000000,3,0.000000000000000,0,99.000000000000000,2,0,0,0,,,2,65,0,65,1,1,,,1,300.000000000000000,1,1,,,128,1,9,4,Merrimack Valley,MVPC,MVRTA,INTERSTATE 495,METHUEN TOWN LINE,MERRIMAC TOWN LINE,128,75756,2017,3,,,0.078693060000000,46.545000000000002,2017,4.295000000000000,2017,0.173000000000000,0.000000000000000,,10/19/2017 0:00:00,126.644201365873826
10,I195 WB,31.773976100000002,31.872974000000003,I,195,WB,375248,1,0,1,72505,1,1,1,1,1,1,3,3,6,36.000000000000000,10.000000000000000,3,4.000000000000000,3,0.000000000000000,0,99.000000000000000,2,0,0,0,,,2,65,0,65,,,,1,,50.000000000000000,1,1,,,292,2,5,5,Southeastern Massachusetts,SRPEDD,SRTA,INTERSTATE 195,REHOBOTH TOWN LINE,SOMERSET TOWN LINE,292,65143,2014,1,6628,6628,0.095985760000000,37.890000000000001,2017,4.015000000000000,2017,0.161000000000000,0.103305790000000,,10/10/2017 0:00:00,154.474114912278452
11,I495 SB,25.413999960000002,25.514000010000000,I,495,SB,11366,1,0,1,09271,1,1,1,1,1,1,3,3,6,36.000000000000000,10.000000000000000,3,4.000000000000000,3,0.000000000000000,0,99.000000000000000,2,0,0,0,,,2,65,0,65,,,,1,,300.000000000000000,1,1,,,9,2,9,4,Merrimack Valley,MVPC,MVRTA,INTERSTATE 495,,RAMP-RT 495 NB TO RT 28 SB,9,101475,2014,1,5016,5016,0.098055910000000,43.880000000000003,2017,4.500000000000000,2017,0.114100000000000,0.000000000000000,,10/19/2017 0:00:00,157.805694384612735
12,I195 WB,4.178299800000000,4.202000030000000,I,195,WB,398160,1,0,1,05167,1,1,1,1,1,1,2,2,6,24.000000000000000,10.000000000000000,3,4.000000000000000,3,0.000000000000000,0,99.000000000000000,2,0,0,0,,,2,65,0,65,,,,1,,50.000000000000000,1,1,,,310,2,23,5,Southeastern Massachusetts,SRPEDD,GATRA,INTERSTATE 195,MARION TOWN LINE,RAMP-RT 195 EB TO RT 495 NB,310,31424,2014,1,7183,7182,0.022979090000000,28.230000000000000,2017,4.289000000000000,2017,0.170200000000000,0.000000000000000,,10/10/2017 0:00:00,36.981263313872880
13,I495 NB,37.590000000000003,37.689999990000004,I,495,NB,446317,1,1,1,09271,1,1,1,1,1,1,3,3,6,36.000000000000000,10.000000000000000,3,4.000000000000000,3,0.000000000000000,0,99.000000000000000,2,0,0,0,,,2,65,0,65,1,1,,,1,200.000000000000000,1,1,,,350,2,21,5,Boston Region,MAPC,NONE,INTERSTATE 495,PLAINVILLE TOWN LINE,FRANKLIN TOWN LINE,350,91874,2017,1,,,0.098366350000000,78.500000000000000,2017,3.272000000000000,2017,0.201400000000000,2.934027780000000,,10/17/2017 0:00:00,158.305299353332657
14,I495 NB,96.871999989999992,96.929000000000002,I,495,NB,11186,1,1,1,09271,1,1,1,1,1,1,3,3,6,36.000000000000000,10.000000000000000,3,4.000000000000000,3,0.000000000000000,0,99.000000000000000,2,0,0,0,,,2,65,0,65,1,1,,,1,300.000000000000000,1,1,,,9,2,9,4,Merrimack Valley,MVPC,MVRTA,INTERSTATE 495,,RAMP-RT 495 NB TO RT 28 SB,9,120842,2017,3,,,0.056068800000000,383.540000000000020,2017,1.550000000000000,2017,0.141000000000000,5.881180220000000,,10/19/2017 0:00:00,90.233983116243976
15,I290 WB,6.835510400000000,6.934640350000000,I,290,WB,347382,1,0,1,97291,1,1,1,1,1,1,3,3,6,36.000000000000000,10.000000000000000,3,4.000000000000000,3,0.000000000000000,0,84.000000000000000,2,0,0,0,,,2,65,0,65,1,1,,,1,200.000000000000000,1,1,,,271,2,27,3,Central Massachusetts,CMRPC,WRTA,INTERSTATE 290,WORCESTER CITY LINE,BOYLSTON TOWN LINE,271,79063,2014,1,3319,3319,0.099197540000000,35.103000000000002,2017,4.500000000000000,2017,0.092500000000000,0.000000000000000,,10/6/2017 0:00:00,159.642963264937578
16,I291 WB,1.408088710000000,1.443835630000000,I,291,WB,364251,1,0,1,83926,1,1,1,1,1,1,2,2,6,24.000000000000000,10.000000000000000,3,2.000000000000000,3,0.000000000000000,0,24.000000000000000,5,0,0,0,,,2,55,0,60,,,,1,,100.000000000000000,1,1,,,281,1,13,2,Pioneer Valley,PVPC,PVTA,SPRINGFIELD EXPRESSWAY,INTERSTATE 91,CHICOPEE CITY LINE,281,61068,2014,1,31,31,0.035806740000000,71.043000000000006,2017,3.415000000000000,2017,0.129300000000000,0.669191920000000,,10/11/2017 0:00:00,57.625355563116635
17,I495 NB,44.079000000000001,44.178999990000001,I,495,NB,153461,1,1,1,09271,1,1,1,1,1,1,3,3,6,36.000000000000000,10.000000000000000,3,4.000000000000000,3,0.000000000000000,0,70.000000000000000,2,0,0,0,,,2,65,0,65,1,1,,,1,200.000000000000000,1,1,,,101,2,21,3,Boston Region,MAPC,NONE,INTERSTATE 495,WRENTHAM TOWN LINE,BELLINGHAM TOWN LINE,101,87001,2017,3,,,0.098366370000000,27.491000000000000,2017,4.412000000000000,2017,0.159800000000000,0.000000000000000,,10/18/2017 0:00:00,158.305324638244542
18,I190 NB,11.541901550000000,11.541999970000001,I,190,NB,485865,1,1,1,97291,1,1,1,1,1,1,2,2,6,24.000000000000000,10.000000000000000,3,0.000000000000000,0,0.000000000000000,0,99.000000000000000,2,0,0,0,,,2,65,0,65,1,1,,,1,300.000000000000000,1,1,,,282,2,27,3,Montachusett,MRPC,MRTA,INTERSTATE 190,WEST BOYLSTON TOWN LINE,LANCASTER TOWN LINE,282,36490,2017,6,,,0.000102260000000,83.352000000000004,2017,2.750000000000000,2017,0.243200000000000,1.469381310000000,,10/6/2017 0:00:00,0.164567311456437
19,I290 WB,17.323461299999998,17.422591300000001,I,290,WB,21815,1,0,1,97291,1,1,1,1,1,1,3,3,6,36.000000000000000,10.000000000000000,3,2.000000000000000,3,0.000000000000000,0,30.000000000000000,5,0,0,0,,,2,50,0,65,1,1,,,1,150.000000000000000,1,1,,,17,2,27,3,Central Massachusetts,CMRPC,WRTA,INTERSTATE 290,MASSACHUSETTS TURNPIKE,WORCESTER CITY LINE,17,65894,2014,3,3894,3894,0.099197620000000,67.396000000000001,2017,3.070000000000000,2017,0.224100000000000,4.144570710000000,,10/6/2017 0:00:00,159.643096143130009
20,I391 SB,3.768390240000000,3.961000010000000,I,391,SB,100582,1,0,1,83926,1,1,1,1,1,1,3,3,6,36.000000000000000,10.000000000000000,3,4.000000000000000,3,0.000000000000000,0,14.000000000000000,6,,0,0,,,2,55,0,55,,,,1,,200.000000000000000,1,1,,,61,1,13,2,Pioneer Valley,PVPC,PVTA,INTERSTATE 391,INTERSTATE 91 ,RAMP-RT 391 SB TO RT 141 WB,61,48466,2014,1,33,239112,0.208236690000000,107.969999999999999,2017,2.890000000000000,2017,0.234000000000000,3.044533130000000,,10/11/2017 0:00:00,335.124472287582250
21,I495 SB,5.585447780000000,5.612000040000000,I,495,SB,241871,1,0,1,09271,1,1,1,1,1,1,3,3,6,36.000000000000000,10.000000000000000,3,4.000000000000000,3,0.000000000000000,0,70.000000000000000,2,0,0,0,,,2,65,0,65,1,1,,,1,300.000000000000000,1,1,,,180,2,9,4,Merrimack Valley,MVPC,MVRTA,INTERSTATE 495,HAVERHILL CITY LINE,AMESBURY TOWN LINE,180,67016,2014,1,5234,5234,0.026036030000000,39.289000000000001,2017,3.717000000000000,2017,0.099400000000000,0.000000000000000,,10/19/2017 0:00:00,41.900929369764583
22,I291 WB,4.266441250000000,4.325624130000000,I,291,WB,364196,1,0,1,83926,1,1,1,1,1,1,4,4,6,36.000000000000000,10.000000000000000,3,2.000000000000000,3,0.000000000000000,0,24.000000000000000,2,0,0,0,,,2,45,0,45,,,,1,,100.000000000000000,1,1,,,281,1,13,2,Pioneer Valley,PVPC,PVTA,SPRINGFIELD EXPRESSWAY,INTERSTATE 91,CHICOPEE CITY LINE,281,102121,2014,3,2246,2246,0.059281840000000,51.951000000000001,2017,3.407000000000000,2017,0.154500000000000,0.115358130000000,,10/11/2017 0:00:00,95.404872764367894
23,I495 SB,32.637124319999998,32.717999970000001,I,495,SB,94827,1,0,1,09271,1,1,1,1,1,1,3,3,6,36.000000000000000,10.000000000000000,3,4.000000000000000,3,0.000000000000000,0,12.000000000000000,5,0,0,0,,,2,65,0,65,1,1,,,1,190.000000000000000,2,1,,,56,2,17,4,Northern Middlesex,NMCOG,LRTA,INTERSTATE 495,WESTFORD TOWN LINE,LOWELL CITY LINE,56,94086,2014,3,4285,4285,0.079303300000000,52.075000000000003,2017,3.430000000000000,2017,0.327400000000000,1.305239900000000,,10/19/2017 0:00:00,127.626283341946575
24,I195 WB,12.092195290000001,12.191193130000000,I,195,WB,135195,1,0,1,61786,2,1,1,1,1,1,2,2,6,24.000000000000000,10.000000000000000,3,4.000000000000000,3,0.000000000000000,0,99.000000000000000,2,0,0,0,,,2,65,0,65,1,1,,,1,50.000000000000000,1,1,,,94,2,5,5,Southeastern Massachusetts,SRPEDD,SRTA,INTERSTATE 195,NEW BEDFORD CITY LINE,MATTAPOISETT TOWN LINE,94,48639,2014,1,38,38,0.095985660000000,42.265000000000001,2017,4.500000000000000,2017,0.164000000000000,0.000000000000000,,10/10/2017 0:00:00,154.473945424175298
25,I495 NB,88.904000019999998,89.003999940000000,I,495,NB,93756,1,1,1,09271,1,1,1,1,1,1,3,3,6,36.000000000000000,10.000000000000000,3,4.000000000000000,3,0.000000000000000,0,40.000000000000000,5,0,0,0,,,2,65,0,65,1,1,,,1,300.000000000000000,2,1,,,56,2,17,4,Northern Middlesex,NMCOG,LRTA,INTERSTATE 495,WESTFORD TOWN LINE,LOWELL CITY LINE,56,109407,2017,3,,,0.098366240000000,38.648000000000003,2017,4.370000000000000,2017,0.086100000000000,0.000000000000000,,10/19/2017 0:00:00,158.305122159844416
26,I495 NB,101.924999989999989,101.935000009999996,I,495,NB,197632,1,1,1,09271,1,1,1,1,1,1,3,3,6,36.000000000000000,10.000000000000000,3,4.000000000000000,3,0.000000000000000,0,70.000000000000000,2,0,0,0,,,2,55,0,55,,,,1,,300.000000000000000,1,1,,,149,1,9,4,Merrimack Valley,MVPC,MVRTA,INTERSTATE 495,ANDOVER TOWN LINE,NORTH ANDOVER TOWN LINE,149,110692,2017,3,,,0.009836650000000,34.619999999999997,2017,4.500000000000000,2017,0.135000000000000,0.000000000000000,,10/19/2017 0:00:00,15.830551780970872
27,I195 WB,24.450107350000000,24.549105309999998,I,195,WB,422504,1,0,1,72505,1,1,1,1,1,1,3,3,6,36.000000000000000,10.000000000000000,3,4.000000000000000,3,0.000000000000000,0,80.000000000000000,2,0,0,0,,,2,65,0,65,,,,1,,50.000000000000000,1,1,,,334,2,5,5,Southeastern Massachusetts,SRPEDD,SRTA,INTERSTATE 195,FALL RIVER CITY LINE,DARTMOUTH TOWN LINE,334,55900,2014,1,6385,6107,0.095985760000000,35.126035859999995,2017,4.129013100000000,2017,0.134800270000000,0.189393940000000,,10/10/2017 0:00:00,154.474111207354525
28,I495 SB,103.622000040000003,103.658389700000001,I,495,SB,73807,1,0,1,09271,1,1,1,1,1,1,3,3,6,36.000000000000000,10.000000000000000,3,4.000000000000000,3,0.000000000000000,0,90.000000000000000,2,0,0,0,,,2,65,0,65,1,1,,,1,500.000000000000000,1,1,,,42,2,23,5,Old Colony,OCPC,BAT,INTERSTATE 495,RAYNHAM TOWN LINE,RAYNHAM TOWN LINE,42,55289,2014,1,725,725,0.035682230000000,251.840000000000003,2017,2.050000000000000,2017,0.109000000000000,0.247307790000000,,10/17/2017 0:00:00,57.424985490905257
29,I195 WB,34.050928800000001,34.149926830000005,I,195,WB,375262,1,0,1,72505,1,1,1,1,1,1,3,3,6,36.000000000000000,10.000000000000000,3,4.000000000000000,3,0.000000000000000,0,99.000000000000000,2,0,0,0,,,2,65,0,65,1,1,,,1,50.000000000000000,1,1,,,292,2,5,5,Southeastern Massachusetts,SRPEDD,SRTA,INTERSTATE 195,REHOBOTH TOWN LINE,SOMERSET TOWN LINE,292,65663,2014,1,6105,6105,0.095985830000000,41.512000000000000,2017,4.298000000000000,2017,0.168800000000000,0.000000000000000,,10/10/2017 0:00:00,154.474226505866312
30,I195 EB,4.984000010000000,5.084000000000000,I,195,EB,374975,1,1,1,72505,1,1,1,1,1,1,3,3,6,36.000000000000000,10.000000000000000,3,4.000000000000000,3,0.000000000000000,0,99.000000000000000,2,0,0,0,,,2,65,0,65,1,1,,,1,200.000000000000000,1,1,,,292,2,5,5,Southeastern Massachusetts,SRPEDD,SRTA,INTERSTATE 195,REHOBOTH TOWN LINE,SOMERSET TOWN LINE,292,72059,2017,1,,,0.097925490000000,36.444000000000003,2017,3.928000000000000,2017,0.140300000000000,0.000000000000000,,10/10/2017 0:00:00,157.595799256248824
31,I495 SB,55.373000009999998,55.472999999999999,I,495,SB,37184,1,0,1,09271,1,1,1,1,1,1,3,3,6,36.000000000000000,10.000000000000000,3,4.000000000000000,3,0.000000000000000,0,99.000000000000000,2,0,0,0,,,2,65,0,65,1,1,,,1,190.000000000000000,1,1,,,28,2,27,3,Central Massachusetts,CMRPC,WRTA,INTERSTATE 495,HUDSON TOWN LINE,BOLTON TOWN LINE,28,99549,2014,1,4089,4089,0.098055910000000,42.850999999999999,2017,3.722000000000000,2017,0.062900000000000,2.456955920000000,,10/18/2017 0:00:00,157.805682549810115
32,I190 SB,14.293000039999999,14.393000020000001,I,190,SB,183837,1,0,1,97291,1,1,1,1,1,1,2,2,6,24.000000000000000,24.000000000000000,3,28.000000000000000,3,0.000000000000000,0,99.000000000000000,2,,0,0,,,2,65,0,65,1,1,,,1,650.000000000000000,1,1,,,134,2,27,3,Central Massachusetts,CMRPC,WRTA,INTERSTATE 190,WEST BOYLSTON TOWN LINE,WEST BOYLSTON TOWN LINE,134,33143,2014,1,3293,3293,0.102248110000000,43.805000000000000,2017,2.890000000000000,2017,0.272100000000000,0.307765150000000,,10/6/2017 0:00:00,164.552389793920725
33,I495 SB,82.474999999999994,82.537270399999997,I,495,SB,154118,1,0,1,09271,1,1,1,1,1,1,3,3,6,36.000000000000000,10.000000000000000,3,4.000000000000000,3,0.000000000000000,0,90.000000000000000,2,0,0,0,,,2,65,0,65,1,1,,,1,200.000000000000000,1,1,,,101,2,21,3,Boston Region,MAPC,NONE,INTERSTATE 495,WRENTHAM TOWN LINE,BELLINGHAM TOWN LINE,101,82671,2014,1,6127,6126,0.061059740000000,32.064000000000000,2017,4.500000000000000,2017,0.096600000000000,0.000000000000000,,10/18/2017 0:00:00,98.266133651738997
34,I291 EB,0.954729870000000,0.965260350000000,I,291,EB,359302,1,1,1,83926,1,1,1,1,1,1,4,4,6,24.000000000000000,8.000000000000000,3,2.000000000000000,3,0.000000000000000,0,16.000000000000000,2,0,0,0,,,2,45,0,45,,,,1,,300.000000000000000,1,1,,,281,1,13,2,Pioneer Valley,PVPC,PVTA,SPRINGFIELD EXPRESSWAY,INTERSTATE 91,CHICOPEE CITY LINE,281,78178,2017,6,,,0.010547850000000,63.468000000000004,2017,3.227000000000000,2017,0.176700000000000,10.740214650000000,,10/11/2017 0:00:00,16.975119497892102
35,I395 NB,7.463000040000000,7.563000030000000,I,395,NB,296372,1,1,1,97291,1,1,1,1,1,1,2,2,6,24.000000000000000,12.000000000000000,3,6.000000000000000,3,0.000000000000000,0,99.000000000000000,2,0,0,0,,,2,65,0,65,,,,1,,400.000000000000000,1,1,,,226,2,27,3,Central Massachusetts,CMRPC,WRTA,INTERSTATE 395,WEBSTER TOWN LINE,AUBURN TOWN LINE,226,50956,2017,3,,,0.099847360000000,45.042999999999999,2017,4.473000000000000,2017,0.143900000000000,0.000000000000000,,10/4/2017 0:00:00,160.688752512218002
36,I495 NB,90.601379029999990,90.649999989999998,I,495,NB,212932,1,1,1,09271,1,1,1,1,1,1,3,3,6,36.000000000000000,10.000000000000000,3,4.000000000000000,3,0.000000000000000,0,12.000000000000000,6,0,0,0,,,2,65,0,65,,,,1,,300.000000000000000,2,1,,,160,1,17,4,Northern Middlesex,NMCOG,LRTA,INTERSTATE 495,CHELMSFORD TOWN LINE,CHELMSFORD TOWN LINE,160,113118,2017,6,,,0.047826700000000,43.077014929999997,2017,4.317910450000000,2017,0.091597010000000,0.000000000000000,,10/19/2017 0:00:00,76.969607971309614
37,I190 NB,2.947000000000000,3.000087680000000,I,190,NB,442969,1,1,1,97291,1,1,1,1,1,1,3,3,6,36.000000000000000,12.000000000000000,3,4.000000000000000,3,0.000000000000000,0,10.000000000000000,6,0,0,0,,,2,65,0,65,1,1,,,1,300.000000000000000,1,1,,,348,1,27,3,Central Massachusetts,CMRPC,WRTA,INTERSTATE 190,INTERSTATE 290,WEST BOYLSTON TOWN LINE,348,47916,2017,3,,,0.055133190000000,39.802000000000000,2017,4.249000000000000,2017,0.069800000000000,0.000000000000000,,10/6/2017 0:00:00,88.728273050696799
38,I295 SB,3.400000010000000,3.499999990000000,I,295,SB,281528,1,0,1,72505,1,1,1,1,1,1,3,3,6,24.000000000000000,12.000000000000000,3,4.000000000000000,3,0.000000000000000,0,64.000000000000000,2,0,0,0,,,2,65,0,65,1,1,,,1,50.000000000000000,1,1,,,211,2,5,5,Southeastern Massachusetts,SRPEDD,GATRA,INTERSTATE 295,RHODE ISLAND STATE LINE,RAMP-RT 295 SB TO RT 1 SB,211,51450,2014,3,6590,6590,0.090032700000000,50.972999999999999,2017,4.259000000000000,2017,0.265800000000000,0.000000000000000,,10/10/2017 0:00:00,144.893578359201513
39,I495 NB,118.332999950000001,118.433000000000007,I,495,NB,6854,1,1,1,09271,1,1,1,1,1,1,3,3,6,36.000000000000000,10.000000000000000,3,4.000000000000000,3,0.000000000000000,0,99.000000000000000,2,0,0,0,,,2,65,0,65,1,1,,,1,300.000000000000000,1,1,,,7,2,9,4,Merrimack Valley,MVPC,MVRTA,INTERSTATE 495,MERRIMAC TOWN LINE,SALISBURY TOWN LINE,7,78752,2017,3,,,0.098366420000000,58.613999999999997,2017,3.906000000000000,2017,0.127700000000000,0.146349860000000,,10/19/2017 0:00:00,158.305406759093387
40,I495 SB,44.235999990000003,44.335999980000004,I,495,SB,208468,1,0,1,09271,1,1,1,1,1,1,3,3,6,36.000000000000000,10.000000000000000,3,4.000000000000000,3,0.000000000000000,0,99.000000000000000,2,0,0,0,,,2,65,0,65,1,1,,,1,190.000000000000000,1,1,,,158,2,17,3,Boston Region,MAPC,MRTA,INTERSTATE 495,BOXBOROUGH TOWN LINE,WESTFORD TOWN LINE,158,84246,2014,3,4090,4090,0.098055910000000,33.444000000000003,2017,4.436000000000000,2017,0.125000000000000,0.000000000000000,,10/19/2017 0:00:00,157.805684128472393
41,I395 SB,7.383000030000000,7.482999950000000,I,395,SB,296774,1,0,1,97291,1,1,1,1,1,1,2,2,6,24.000000000000000,12.000000000000000,3,4.000000000000000,3,0.000000000000000,0,99.000000000000000,2,0,0,0,,,2,65,0,65,,,,1,,400.000000000000000,1,1,,,226,2,27,3,Central Massachusetts,CMRPC,WRTA,INTERSTATE 395,WEBSTER TOWN LINE,AUBURN TOWN LINE,226,38763,2014,1,3299,3299,0.099825730000000,55.680000000000000,2017,4.120000000000000,2017,0.131600000000000,0.000000000000000,,10/4/2017 0:00:00,160.653934266768687
42,I495 NB,57.069999989999999,57.169999980000000,I,495,NB,188558,1,1,1,09271,1,1,1,1,1,1,3,3,6,36.000000000000000,10.000000000000000,3,4.000000000000000,3,0.000000000000000,0,99.000000000000000,2,0,0,0,,,2,65,0,65,1,1,,,1,200.000000000000000,1,1,,,139,2,17,3,Boston Region,MAPC,NONE,INTERSTATE 495,MILFORD TOWN LINE,WESTBOROUGH TOWN LINE,139,107203,2017,3,,,0.098366340000000,37.540999999999997,2017,3.762000000000000,2017,0.181100000000000,0.000000000000000,,10/18/2017 0:00:00,158.305274859025076
43,I495 SB,80.908953420000003,80.975000009999988,I,495,SB,154117,1,0,1,09271,1,1,1,1,1,1,3,3,6,36.000000000000000,10.000000000000000,3,4.000000000000000,3,0.000000000000000,0,90.000000000000000,2,0,0,0,,,2,65,0,65,1,1,,,1,200.000000000000000,1,1,,,101,2,21,3,Boston Region,MAPC,NONE,INTERSTATE 495,WRENTHAM TOWN LINE,BELLINGHAM TOWN LINE,101,83722,2014,1,6126,6126,0.064762550000000,61.509000000000000,2017,4.183000000000000,2017,0.173900000000000,0.099862260000000,,10/18/2017 0:00:00,104.225218708045901
44,I495 NB,75.986000000000004,76.085999979999997,I,495,NB,66676,1,1,1,09271,1,1,1,1,1,1,3,3,6,36.000000000000000,10.000000000000000,3,4.000000000000000,3,0.000000000000000,0,99.000000000000000,2,0,0,0,,,2,65,0,65,1,1,,,1,300.000000000000000,1,1,,,37,2,17,3,Boston Region,MAPC,NONE,INTERSTATE 495,HARVARD TOWN LINE,LITTLETON TOWN LINE,37,92855,2017,6,,,0.098366390000000,39.408999999999999,2017,4.337000000000000,2017,0.125000000000000,0.000000000000000,,10/18/2017 0:00:00,158.305360367046660
45,I495 NB,9.428999960000001,9.529000010000001,I,495,NB,245741,1,1,1,09271,1,1,1,1,1,1,2,2,6,24.000000000000000,10.000000000000000,3,4.000000000000000,3,0.000000000000000,0,50.000000000000000,2,0,0,0,,,2,65,0,65,,,,1,,200.000000000000000,1,1,,,182,2,23,5,Southeastern Massachusetts,SRPEDD,GATRA,INTERSTATE 495,ROCHESTER TOWN LINE,RAYNHAM TOWN LINE,182,47428,2017,1,,,0.098366440000000,60.262999999999998,2017,3.529000000000000,2017,0.203500000000000,1.592630850000000,,10/17/2017 0:00:00,158.305436281581166
46,I195 EB,29.335000060000002,29.435000169999999,I,195,EB,134886,1,1,1,61786,2,1,1,1,1,1,2,2,6,24.000000000000000,10.000000000000000,3,4.000000000000000,3,0.000000000000000,0,99.000000000000000,2,0,0,0,,,2,65,0,65,,,,1,,200.000000000000000,1,1,,,94,2,5,5,Southeastern Massachusetts,SRPEDD,SRTA,INTERSTATE 195,NEW BEDFORD CITY LINE,MATTAPOISETT TOWN LINE,94,45755,2017,6,,,0.097925590000000,34.182000000000002,2017,4.037000000000000,2017,0.078000000000000,0.068870520000000,,10/10/2017 0:00:00,157.595957131335382
47,I495 SB,91.384999989999997,91.485000029999995,I,495,SB,224838,1,0,1,09271,1,1,1,1,1,1,3,3,6,36.000000000000000,10.000000000000000,3,4.000000000000000,3,0.000000000000000,0,94.000000000000000,2,0,0,0,,,2,65,0,65,1,1,,,1,500.000000000000000,1,1,,,167,2,5,5,Southeastern Massachusetts,SRPEDD,GATRA,INTERSTATE 495,,RAMP-RT 95 NB TO RT 495 NB,167,84557,2014,1,10,6387,0.098055900000000,37.631000000000000,2017,4.359000000000000,2017,0.101000000000000,0.000000000000000,,10/17/2017 0:00:00,157.805669413039197
48,I290 WB,18.790584840000001,18.889714790000003,I,290,WB,21816,1,0,1,97291,1,1,1,1,1,1,3,3,6,36.000000000000000,10.000000000000000,3,2.000000000000000,3,0.000000000000000,0,30.000000000000000,5,0,0,0,,,2,65,0,65,1,1,,,1,150.000000000000000,1,1,,,17,2,27,3,Central Massachusetts,CMRPC,WRTA,INTERSTATE 290,MASSACHUSETTS TURNPIKE,WORCESTER CITY LINE,17,71712,2014,1,3895,3895,0.099197610000000,41.183999999999997,2017,3.978000000000000,2017,0.178500000000000,0.000000000000000,,10/6/2017 0:00:00,159.643080951905262
49,I190 NB,15.166199980000000,15.166208619999999,I,190,NB,364804,1,1,1,97291,1,1,1,1,1,1,2,2,6,24.000000000000000,12.000000000000000,3,4.000000000000000,3,0.000000000000000,0,99.000000000000000,2,0,0,0,,,2,65,0,65,,,,1,,,1,1,,,282,2,27,3,Montachusett,MRPC,MRTA,INTERSTATE 190,WEST BOYLSTON TOWN LINE,LANCASTER TOWN LINE,282,42534,2017,6,,,0.000008930000000,135.563999999999993,2017,2.608000000000000,2017,0.183400000000000,2.171717170000000,,10/6/2017 0:00:00,0.014373586887065
50,I291 EB,3.883821520000000,3.904408680000000,I,291,EB,362186,1,1,1,83926,1,1,1,1,1,1,2,2,6,24.000000000000000,10.000000000000000,3,2.000000000000000,3,0.000000000000000,0,24.000000000000000,5,0,0,0,,,2,55,0,60,,,,1,,300.000000000000000,1,1,,,281,1,13,2,Pioneer Valley,PVPC,PVTA,SPRINGFIELD EXPRESSWAY,INTERSTATE 91,CHICOPEE CITY LINE,281,61762,2017,1,,,0.020621120000000,52.902999999999999,2017,3.465000000000000,2017,0.215300000000000,0.614669420000000,,10/11/2017 0:00:00,33.186475886633836
51,I195 EB,38.784000139999996,38.812000129999994,I,195,EB,395661,1,1,1,05167,1,1,1,1,1,1,2,2,6,24.000000000000000,10.000000000000000,3,4.000000000000000,3,0.000000000000000,0,99.000000000000000,2,0,0,0,,,2,65,0,65,1,1,,,1,450.000000000000000,1,1,,,310,2,23,5,Southeastern Massachusetts,SRPEDD,GATRA,INTERSTATE 195,MARION TOWN LINE,RAMP-RT 195 EB TO RT 495 NB,310,36370,2017,6,,,0.027419130000000,30.230000000000000,2017,3.012142860000000,2017,0.144285710000000,0.000000000000000,,10/10/2017 0:00:00,44.126815868550096
52,I395 NB,6.993179920000000,7.062999970000000,I,395,NB,296372,1,1,1,97291,1,1,1,1,1,1,2,2,6,24.000000000000000,12.000000000000000,3,6.000000000000000,3,0.000000000000000,0,99.000000000000000,2,0,0,0,,,2,65,0,65,,,,1,,400.000000000000000,1,1,,,226,2,27,3,Central Massachusetts,CMRPC,WRTA,INTERSTATE 395,WEBSTER TOWN LINE,AUBURN TOWN LINE,226,50956,2017,3,,,0.069713500000000,31.216000000000001,2017,4.272000000000000,2017,0.161300000000000,0.000000000000000,,10/4/2017 0:00:00,112.193008140157815
53,I190 SB,7.174999980000000,7.235079300000001,I,190,SB,365150,1,0,1,0,5,1,1,1,1,1,2,2,6,24.000000000000000,20.000000000000000,3,20.000000000000000,3,0.000000000000000,0,99.000000000000000,2,,0,0,,,2,65,0,65,,,,1,,600.000000000000000,1,1,,,282,2,27,3,Montachusett,MRPC,MRTA,INTERSTATE 190,WEST BOYLSTON TOWN LINE,LANCASTER TOWN LINE,282,31923,2014,1,3294,3294,0.061429960000000,85.962000000000003,2017,2.517000000000000,2017,0.201100000000000,8.375946969999999,,10/6/2017 0:00:00,98.861931280805564
54,I495 SB,13.159000000000001,13.185846350000000,I,495,SB,178485,1,0,1,09271,1,1,1,1,1,1,3,3,6,36.000000000000000,10.000000000000000,3,4.000000000000000,3,0.000000000000000,0,99.000000000000000,2,0,0,0,,,2,65,0,65,1,1,,,1,300.000000000000000,1,1,,,128,1,9,4,Merrimack Valley,MVPC,MVRTA,INTERSTATE 495,METHUEN TOWN LINE,MERRIMAC TOWN LINE,128,89559,2014,1,5070,5070,0.026324430000000,50.093000000000004,2017,4.157000000000000,2017,0.129100000000000,0.000000000000000,,10/19/2017 0:00:00,42.365063495903392
55,I495 NB,22.534000020000001,22.634000010000001,I,495,NB,321502,1,1,1,09271,1,1,1,1,1,1,3,3,6,36.000000000000000,10.000000000000000,3,4.000000000000000,3,0.000000000000000,0,90.000000000000000,2,0,0,0,,,2,65,0,65,1,1,,,1,200.000000000000000,1,1,,,245,2,5,5,Southeastern Massachusetts,SRPEDD,GATRA,INTERSTATE 495,BRIDGEWATER TOWN LINE,TAUNTON CITY LINE,245,81278,2017,3,,,0.098366380000000,41.747000000000000,2017,4.275000000000000,2017,0.171700000000000,0.000000000000000,,10/17/2017 0:00:00,158.305350875328173
56,I495 NB,19.319000020000001,19.419000010000001,I,495,NB,73541,1,1,1,09271,1,1,1,1,1,1,3,3,6,36.000000000000000,10.000000000000000,3,4.000000000000000,3,0.000000000000000,0,99.000000000000000,2,0,0,0,,,2,65,0,65,,,,1,,200.000000000000000,1,1,,,42,2,23,5,Old Colony,OCPC,BAT,INTERSTATE 495,RAYNHAM TOWN LINE,RAYNHAM TOWN LINE,42,62464,2017,6,,,0.098366330000000,39.655000000000001,2017,4.500000000000000,2017,0.163700000000000,0.000000000000000,,10/17/2017 0:00:00,158.305262147829438
57,I495 SB,69.149000020000003,69.249000009999989,I,495,SB,188880,1,0,1,09271,1,1,1,1,1,1,3,3,6,36.000000000000000,10.000000000000000,3,4.000000000000000,3,0.000000000000000,0,99.000000000000000,2,0,0,0,,,2,65,0,65,1,1,,,1,90.000000000000000,1,1,,,139,2,17,3,Boston Region,MAPC,NONE,INTERSTATE 495,MILFORD TOWN LINE,WESTBOROUGH TOWN LINE,139,111840,2014,3,4797,4796,0.098055870000000,32.523000000000003,2017,4.322000000000000,2017,0.191600000000000,0.000000000000000,,10/18/2017 0:00:00,157.805632277326339
58,I195 WB,17.883574920000001,17.982572760000000,I,195,WB,110939,1,0,1,61786,2,1,1,1,1,1,3,3,6,36.000000000000000,10.000000000000000,3,4.000000000000000,3,0.000000000000000,0,68.000000000000000,2,0,0,0,,,2,65,0,65,,,,1,,50.000000000000000,1,1,,,72,2,5,5,Southeastern Massachusetts,SRPEDD,SRTA,INTERSTATE 195,WESTPORT TOWN LINE,NEW BEDFORD CITY LINE,72,77220,2014,1,6629,6629,0.095985590000000,43.936999999999998,2017,3.774000000000000,2017,0.120600000000000,1.202651520000000,,10/10/2017 0:00:00,154.473833204533491
59,I495 NB,3.614000000000000,3.713999990000000,I,495,NB,245043,1,1,1,09271,1,1,1,1,1,1,2,2,6,24.000000000000000,10.000000000000000,3,4.000000000000000,3,0.000000000000000,0,90.000000000000000,2,0,0,0,,,2,65,0,65,,,,1,,200.000000000000000,1,1,,,182,2,23,5,Southeastern Massachusetts,SRPEDD,GATRA,INTERSTATE 495,ROCHESTER TOWN LINE,RAYNHAM TOWN LINE,182,48486,2017,3,,,0.098366320000000,84.302999999999997,2017,3.654000000000000,2017,0.134400000000000,0.000000000000000,,10/17/2017 0:00:00,158.305241547497559
60,I495 NB,107.593999940000003,107.640300019999998,I,495,NB,178205,1,1,1,09271,1,1,1,1,1,1,3,3,6,36.000000000000000,10.000000000000000,3,4.000000000000000,3,0.000000000000000,0,90.000000000000000,2,0,0,0,,,2,65,0,65,1,1,,,1,300.000000000000000,1,1,,,128,1,9,4,Merrimack Valley,MVPC,MVRTA,INTERSTATE 495,METHUEN TOWN LINE,MERRIMAC TOWN LINE,128,129479,2017,3,,,0.045543680000000,32.537999999999997,2017,4.160000000000000,2017,0.142600000000000,0.000000000000000,,10/19/2017 0:00:00,73.295447328739328
61,I195 WB,30.427604120000002,30.436391340000000,I,195,WB,349158,1,0,1,72505,1,1,1,1,1,1,3,3,6,36.000000000000000,10.000000000000000,3,0.000000000000000,0,0.000000000000000,0,12.000000000000000,6,0,0,0,,,2,65,0,65,1,1,,,1,50.000000000000000,1,1,,,273,2,5,5,Southeastern Massachusetts,SRPEDD,SRTA,INTERSTATE 195,INTERSTATE 195 ,,273,80843,2014,1,6106,6106,0.008519860000000,36.618000000000002,2017,4.500000000000000,2017,0.121800000000000,0.000000000000000,,10/10/2017 0:00:00,13.711380458582571
62,I495 SB,111.436000000000007,111.535999980000000,I,495,SB,246445,1,0,1,09271,1,1,1,1,1,1,2,2,6,24.000000000000000,10.000000000000000,3,4.000000000000000,3,0.000000000000000,0,50.000000000000000,2,0,0,0,,,2,65,0,65,1,1,,,1,500.000000000000000,1,1,,,182,2,23,5,Southeastern Massachusetts,SRPEDD,GATRA,INTERSTATE 495,ROCHESTER TOWN LINE,RAYNHAM TOWN LINE,182,43766,2014,1,7111,7111,0.098055820000000,46.451999999999998,2017,3.784000000000000,2017,0.126100000000000,0.000000000000000,,10/17/2017 0:00:00,157.805550716720148
63,I195 WB,3.405125750000000,3.504123780000000,I,195,WB,398160,1,0,1,05167,1,1,1,1,1,1,2,2,6,24.000000000000000,10.000000000000000,3,4.000000000000000,3,0.000000000000000,0,99.000000000000000,2,0,0,0,,,2,65,0,65,,,,1,,50.000000000000000,1,1,,,310,2,23,5,Southeastern Massachusetts,SRPEDD,GATRA,INTERSTATE 195,MARION TOWN LINE,RAMP-RT 195 EB TO RT 495 NB,310,31424,2014,1,7183,7182,0.095985800000000,31.925999999999998,2017,4.272000000000000,2017,0.101100000000000,0.000000000000000,,10/10/2017 0:00:00,154.474171900397948
64,I495 NB,34.349000029999999,34.449000009999999,I,495,NB,148221,1,1,1,09271,1,1,1,1,1,1,3,3,6,36.000000000000000,10.000000000000000,3,4.000000000000000,3,0.000000000000000,0,99.000000000000000,2,0,0,0,,,2,65,0,65,,,,1,,200.000000000000000,2,1,,,99,2,21,5,Boston Region,MAPC,NONE,INTERSTATE 495,RAMP-RT 495 NB TO RT 95 SB,,99,102309,2017,1,,,0.098366330000000,54.039000000000001,2017,3.756000000000000,2017,0.282200000000000,0.000000000000000,,10/17/2017 0:00:00,158.305265689553124
65,I195 EB,35.840000150000002,35.863639979999995,I,195,EB,226428,1,1,1,05167,1,1,1,1,1,1,2,2,6,24.000000000000000,10.000000000000000,3,4.000000000000000,3,0.000000000000000,0,96.000000000000000,2,0,0,0,,,2,65,0,65,1,1,,,1,450.000000000000000,1,1,,,169,2,23,5,Southeastern Massachusetts,SRPEDD,NONE,INTERSTATE 195,MATTAPOISETT TOWN LINE,WAREHAM TOWN LINE,169,35185,2017,6,,,0.023149450000000,210.969999999999999,2017,2.260000000000000,2017,0.259000000000000,1.205442100000000,,10/10/2017 0:00:00,37.255436212175496
66,I495 NB,49.806999959999999,49.907000009999997,I,495,NB,248241,1,1,1,09271,1,1,1,1,1,1,3,3,6,36.000000000000000,10.000000000000000,3,4.000000000000000,3,0.000000000000000,0,99.000000000000000,2,0,0,0,,,2,65,0,65,,,,1,,200.000000000000000,1,1,,,185,2,27,3,Boston Region,MAPC,NONE,INTERSTATE 495,MEDWAY TOWN LINE,HOPKINTON TOWN LINE,185,88181,2017,1,,,0.098366380000000,23.018000000000001,2017,4.500000000000000,2017,0.133900000000000,0.000000000000000,,10/18/2017 0:00:00,158.305341521328046
67,I195 EB,23.397000049999999,23.469461039999999,I,195,EB,266862,1,1,1,61786,2,1,1,1,1,1,3,3,6,36.000000000000000,10.000000000000000,3,4.000000000000000,3,0.000000000000000,0,12.000000000000000,6,0,0,0,,,2,65,0,65,,,,1,,200.000000000000000,1,1,,,201,1,5,5,Southeastern Massachusetts,SRPEDD,SRTA,INTERSTATE 195,INTERSTATE 195,,201,81736,2017,3,,,0.070957850000000,61.740000000000002,2017,4.213000000000000,2017,0.172900000000000,0.198002750000000,,10/10/2017 0:00:00,114.195589994856277
68,I495 SB,62.341938640000002,62.408999990000005,I,495,SB,413631,1,0,1,09271,1,1,1,1,1,1,3,3,6,36.000000000000000,10.000000000000000,3,4.000000000000000,3,0.000000000000000,0,99.000000000000000,2,0,0,0,,,2,65,0,65,1,1,,,1,190.000000000000000,1,1,,,328,2,27,3,Central Massachusetts,CMRPC,WRTA,INTERSTATE 495,HOPKINTON TOWN LINE,SOUTHBOROUGH TOWN LINE,328,98750,2014,3,3181,390,0.065757600000000,32.325000000000003,2017,4.190000000000000,2017,0.125600000000000,0.230429290000000,,10/18/2017 0:00:00,105.826603198215778
69,I290 EB,0.349058330000000,0.397110050000000,I,290,EB,21279,1,1,1,97291,1,1,1,1,1,1,3,3,6,36.000000000000000,8.000000000000000,3,2.000000000000000,3,0.000000000000000,0,24.000000000000000,5,0,0,0,,,2,55,0,65,,,,1,,400.000000000000000,1,1,,,17,2,27,3,Central Massachusetts,CMRPC,WRTA,INTERSTATE 290,MASSACHUSETTS TURNPIKE,WORCESTER CITY LINE,17,76308,2017,1,,,0.048086590000000,44.654000000000003,2017,4.197000000000000,2017,0.146900000000000,0.163567490000000,,10/4/2017 0:00:00,77.387857756615787
70,I495 SB,22.994999980000003,23.028574089999999,I,495,SB,11946,1,0,1,09271,1,1,1,1,1,1,3,3,6,36.000000000000000,10.000000000000000,3,4.000000000000000,3,0.000000000000000,0,70.000000000000000,2,0,0,0,,,2,55,0,65,1,1,,,1,300.000000000000000,1,1,,,9,2,9,4,Merrimack Valley,MVPC,MVRTA,INTERSTATE 495,,RAMP-RT 495 NB TO RT 28 SB,9,105421,2014,3,5075,5075,0.032921450000000,40.075000000000003,2017,4.500000000000000,2017,0.128500000000000,0.000000000000000,,10/19/2017 0:00:00,52.981930070134695
71,I290 WB,4.842006730000000,4.892109710000000,I,290,WB,286190,1,0,1,97291,1,1,1,1,1,1,3,3,6,36.000000000000000,10.000000000000000,3,4.000000000000000,3,0.000000000000000,0,84.000000000000000,2,0,0,0,,,2,65,0,65,,,,1,,200.000000000000000,1,1,,,215,2,27,3,Central Massachusetts,CMRPC,WRTA,INTERSTATE 290,BOYLSTON TOWN LINE,MARLBOROUGH CITY LINE,215,74099,2014,1,3318,3318,0.050137120000000,56.494999999999997,2017,3.160000000000000,2017,0.233800000000000,7.634154040000000,,10/6/2017 0:00:00,80.687878744143006
72,I291 WB,5.102700000000000,5.270000010000000,I,291,WB,,1,0,,,,,,,,,2,2,,,,,,,,,,,,,,,,,,,,,,,,,,,,,,,,,,,,,SPRINGFIELD EXPRESSWAY,INTERSTATE 91,CHICOPEE CITY LINE,281,,,,,,0.167579970000000,214.229999999999990,2017,2.240000000000000,2017,0.213000000000000,4.067800650000000,,10/11/2017 0:00:00,269.693823750087120
73,I495 NB,41.196999990000002,41.296999980000002,I,495,NB,153475,1,1,1,09271,1,1,1,1,1,1,3,3,6,36.000000000000000,10.000000000000000,3,4.000000000000000,3,0.000000000000000,0,90.000000000000000,2,0,0,0,,,2,65,0,65,1,1,,,1,200.000000000000000,1,1,,,101,2,21,3,Boston Region,MAPC,NONE,INTERSTATE 495,WRENTHAM TOWN LINE,BELLINGHAM TOWN LINE,101,89629,2017,6,,,0.098366320000000,38.792999999999999,2017,4.330000000000000,2017,0.202500000000000,0.000000000000000,,10/18/2017 0:00:00,158.305245469861859
74,I190 NB,8.256999980000000,8.356999970000000,I,190,NB,406956,1,1,1,97291,1,1,1,1,1,1,2,2,6,24.000000000000000,12.000000000000000,3,4.000000000000000,3,0.000000000000000,0,99.000000000000000,2,0,0,0,,,2,65,0,65,1,1,,,1,300.000000000000000,1,1,,,321,2,27,3,Central Massachusetts,CMRPC,WRTA,INTERSTATE 190,,,321,36455,2017,6,,,0.103853090000000,46.597000000000001,2017,2.828000000000000,2017,0.313500000000000,0.853851010000000,,10/6/2017 0:00:00,167.135340043734118
75,I290 WB,14.954479850000000,14.965159269999999,I,290,WB,445412,1,0,1,97291,1,1,1,1,1,1,3,3,6,34.000000000000000,12.000000000000000,3,2.000000000000000,3,0.000000000000000,0,10.000000000000000,6,2,0,0,,,2,50,0,50,1,1,,,1,150.000000000000000,1,1,,,348,1,27,3,Central Massachusetts,CMRPC,WRTA,INTERSTATE 290,AUBURN TOWN LINE,SHREWSBURY TOWN LINE,348,133771,2014,3,3732,3732,0.010686740000000,58.335000000000001,2017,4.033000000000000,2017,0.146100000000000,0.000000000000000,,10/6/2017 0:00:00,17.198632894797189
76,I391 SB,1.170590990000000,1.249999960000000,I,391,SB,100466,1,0,1,83926,1,1,1,1,1,1,3,3,6,24.000000000000000,10.000000000000000,3,2.000000000000000,3,0.000000000000000,0,14.000000000000000,6,0,0,0,,,2,55,0,55,,,,1,,400.000000000000000,1,1,,,61,1,13,2,Pioneer Valley,PVPC,PVTA,INTERSTATE 391,INTERSTATE 91 ,RAMP-RT 391 SB TO RT 141 WB,61,38740,2014,3,37,37,0.085851650000000,56.652000000000001,2017,3.016000000000000,2017,0.143500000000000,1.120580810000000,,10/11/2017 0:00:00,138.164837111132954
77,I495 SB,2.169999990000000,2.205999990000000,I,495,SB,7033,1,0,1,09271,1,1,1,1,1,1,3,3,6,36.000000000000000,10.000000000000000,3,4.000000000000000,3,0.000000000000000,0,70.000000000000000,2,0,0,0,,,2,65,0,65,,,,1,,300.000000000000000,1,1,,,7,2,9,4,Merrimack Valley,MVPC,MVRTA,INTERSTATE 495,MERRIMAC TOWN LINE,SALISBURY TOWN LINE,7,52745,2014,1,5238,5238,0.035300120000000,136.729999999999990,2017,2.820000000000000,2017,0.138000000000000,0.464716610000000,,10/19/2017 0:00:00,56.810038582920050
78,I291 WB,3.956605310000000,3.989813440000000,I,291,WB,364256,1,0,1,83926,1,1,1,1,1,1,3,3,6,36.000000000000000,10.000000000000000,3,2.000000000000000,3,0.000000000000000,0,24.000000000000000,5,0,0,0,,,2,55,0,60,,,,1,,100.000000000000000,1,1,,,281,1,13,2,Pioneer Valley,PVPC,PVTA,SPRINGFIELD EXPRESSWAY,INTERSTATE 91,CHICOPEE CITY LINE,281,77195,2014,1,2248,2247,0.033263680000000,64.070999999999998,2017,3.162000000000000,2017,0.207300000000000,1.744146010000000,,10/11/2017 0:00:00,53.532705057918498
79,I495 NB,64.012000000000000,64.112000039999998,I,495,NB,227392,1,1,1,09271,1,1,1,1,1,1,3,3,6,36.000000000000000,10.000000000000000,3,4.000000000000000,3,0.000000000000000,0,99.000000000000000,2,0,0,0,,,2,65,0,65,,,,1,,300.000000000000000,2,1,,,170,1,17,3,Boston Region,MAPC,WRTA,INTERSTATE 495,SOUTHBOROUGH TOWN LINE,HUDSON TOWN LINE,170,91141,2017,3,,,0.098366320000000,43.347999999999999,2017,4.419000000000000,2017,0.123200000000000,0.000000000000000,,10/18/2017 0:00:00,158.305243963389415
80,I195 WB,10.211234319999999,10.310232290000000,I,195,WB,234615,1,0,1,61786,2,1,1,1,1,1,2,2,6,24.000000000000000,10.000000000000000,3,4.000000000000000,3,0.000000000000000,0,99.000000000000000,2,0,0,0,,,2,65,0,65,1,1,,,1,50.000000000000000,1,1,,,173,2,23,5,Southeastern Massachusetts,SRPEDD,SRTA,INTERSTATE 195,FAIRHAVEN TOWN LINE,MARION TOWN LINE,173,36420,2014,1,7,7,0.095985770000000,29.899000000000001,2017,4.250000000000000,2017,0.073300000000000,0.359848480000000,,10/10/2017 0:00:00,154.474117888620810
81,I495 NB,87.884999960000002,87.985000009999993,I,495,NB,92899,1,1,1,09271,1,1,1,1,1,1,3,3,6,36.000000000000000,10.000000000000000,3,4.000000000000000,3,0.000000000000000,0,90.000000000000000,2,0,0,0,,,2,65,0,65,,,,1,,300.000000000000000,2,1,,,56,2,17,4,Northern Middlesex,NMCOG,LRTA,INTERSTATE 495,WESTFORD TOWN LINE,LOWELL CITY LINE,56,137128,2017,6,,,0.098366420000000,55.462000000000003,2017,3.518000000000000,2017,0.104700000000000,0.000000000000000,,10/19/2017 0:00:00,158.305403500461495
82,I495 NB,100.936099970000001,100.936161179999999,I,495,NB,9527,1,1,1,09271,1,1,1,1,1,1,3,3,6,36.000000000000000,10.000000000000000,3,4.000000000000000,3,0.000000000000000,0,70.000000000000000,2,0,0,0,,,2,55,0,55,1,1,,,1,300.000000000000000,1,1,,,9,2,9,4,Merrimack Valley,MVPC,MVRTA,INTERSTATE 495,RAMP-RT 495 NB TO RT 28 SB,,9,108694,2017,6,,,0.000060190000000,33.668999999999997,2017,4.159000000000000,2017,0.068800000000000,0.000000000000000,,10/19/2017 0:00:00,0.096864441360078
83,I195 WB,41.029716700000002,41.132052979999997,I,195,WB,341965,1,0,1,72505,1,1,1,1,1,1,3,3,6,36.000000000000000,10.000000000000000,3,4.000000000000000,3,0.000000000000000,0,99.000000000000000,2,0,0,0,,,2,65,0,65,1,1,,,1,50.000000000000000,1,1,,,265,2,5,5,Southeastern Massachusetts,SRPEDD,GATRA,INTERSTATE 195,RHODE ISLAND STATE LINE,REHOBOTH TOWN LINE,265,82094,2014,1,60,6643,0.099222530000000,110.597499989999989,2013,3.175994000000000,2013,0.159000000000000,0.000000000000000,0.000000000000000,9/26/2013 0:00:00,159.683189587170574
84,I495 SB,100.790999959999994,100.891000009999999,I,495,SB,322088,1,0,1,09271,1,1,1,1,1,1,3,3,6,36.000000000000000,10.000000000000000,3,4.000000000000000,3,0.000000000000000,0,94.000000000000000,2,0,0,0,,,2,65,0,65,,,,1,,500.000000000000000,1,1,,,245,2,5,5,Southeastern Massachusetts,SRPEDD,GATRA,INTERSTATE 495,BRIDGEWATER TOWN LINE,TAUNTON CITY LINE,245,65691,2014,1,6322,6322,0.098055910000000,44.999000000000002,2017,4.500000000000000,2017,0.127400000000000,0.000000000000000,,10/17/2017 0:00:00,157.805687145025843
85,I290 EB,8.150981900000000,8.169546640000000,I,290,EB,442947,1,1,1,97291,1,1,1,1,1,1,3,3,6,36.000000000000000,10.000000000000000,3,4.000000000000000,3,0.000000000000000,0,8.000000000000000,5,3,0,0,,,2,50,0,50,,,,1,,150.000000000000000,1,1,,,348,1,27,3,Central Massachusetts,CMRPC,WRTA,INTERSTATE 290,AUBURN TOWN LINE,SHREWSBURY TOWN LINE,348,90941,2017,3,,,0.018578170000000,36.619000000000000,2017,4.062000000000000,2017,0.152600000000000,1.059027780000000,,10/4/2017 0:00:00,29.898674328331033
86,I195 EB,3.983999960000000,4.084000010000000,I,195,EB,324181,1,1,1,72505,1,1,1,1,1,1,3,3,6,36.000000000000000,10.000000000000000,3,4.000000000000000,3,0.000000000000000,0,99.000000000000000,2,0,0,0,,,2,65,0,65,1,1,,,1,200.000000000000000,1,1,,,247,2,5,5,Southeastern Massachusetts,SRPEDD,GATRA,INTERSTATE 195,SEEKONK TOWN LINE,SWANSEA TOWN LINE,247,66789,2017,6,,,0.097925570000000,104.198999999999998,2017,3.195000000000000,2017,0.153800000000000,3.926767680000000,,10/10/2017 0:00:00,157.595925895447664
87,I495 SB,53.609000010000003,53.708999990000002,I,495,SB,43859,1,0,1,0,5,1,1,1,1,1,3,3,6,36.000000000000000,10.000000000000000,3,4.000000000000000,3,0.000000000000000,0,99.000000000000000,2,0,0,0,,,2,65,0,65,,,,1,,190.000000000000000,1,1,,,34,2,27,3,Boston Region,MAPC,NONE,INTERSTATE 495,BERLIN TOWN LINE,HARVARD TOWN LINE,34,94576,2014,1,9,9,0.098055840000000,32.110999999999997,2017,4.423000000000000,2017,0.108800000000000,0.080922870000000,,10/18/2017 0:00:00,157.805582276433370
88,I190 SB,18.904999990000000,19.001975150000000,I,190,SB,445489,1,0,1,97291,1,1,1,1,1,1,3,3,6,36.000000000000000,10.000000000000000,3,4.000000000000000,3,0.000000000000000,0,14.000000000000000,6,,0,0,,,2,45,0,45,1,1,,,1,300.000000000000000,1,1,,,348,1,27,3,Central Massachusetts,CMRPC,WRTA,INTERSTATE 190,INTERSTATE 290,WEST BOYLSTON TOWN LINE,348,73122,2014,3,3291,3291,0.099155190000000,134.169999999999987,2017,2.840000000000000,2017,0.096000000000000,2.214452210000000,,12/31/2017 0:00:00,159.574814272502294
89,I495 SB,51.560582820000000,51.561000010000001,I,495,SB,43840,1,0,1,09271,1,1,1,1,1,1,3,3,6,36.000000000000000,10.000000000000000,3,4.000000000000000,3,0.000000000000000,0,99.000000000000000,2,0,0,0,,,2,65,0,65,1,1,,,1,190.000000000000000,1,1,,,34,2,27,3,Boston Region,MAPC,NONE,INTERSTATE 495,BERLIN TOWN LINE,HARVARD TOWN LINE,34,94576,2014,1,9,9,0.000409080000000,47.622000000000000,2017,4.316000000000000,2017,0.076900000000000,0.812672180000000,,10/18/2017 0:00:00,0.658357175095707
90,I190 NB,1.746999980000000,1.846999960000000,I,190,NB,440313,1,1,1,97291,1,1,1,1,1,1,3,3,6,36.000000000000000,12.000000000000000,3,4.000000000000000,3,0.000000000000000,0,10.000000000000000,6,0,0,0,,,2,65,0,65,1,1,,,1,300.000000000000000,1,1,,,348,1,27,3,Central Massachusetts,CMRPC,WRTA,INTERSTATE 190,INTERSTATE 290,WEST BOYLSTON TOWN LINE,348,47916,2017,3,,,0.103853090000000,38.603000000000002,2017,4.500000000000000,2017,0.089000000000000,0.000000000000000,,10/6/2017 0:00:00,167.135342322141781
91,I295 SB,0.062999990000000,0.162999970000000,I,295,SB,452003,1,0,1,72505,1,1,1,1,1,1,2,1,6,24.000000000000000,12.000000000000000,3,10.000000000000000,3,0.000000000000000,0,64.000000000000000,2,0,0,0,,,1,35,0,35,1,1,,,0,50.000000000000000,1,1,,,16,1,5,5,Southeastern Massachusetts,SRPEDD,GATRA,RAMP-RT 95 NB TO RT 295 SB,INTERSTATE 95,INTERSTATE 295,16,35663,2014,3,6640,6640,0.090032740000000,67.709999999999994,2017,3.967000000000000,2017,0.080400000000000,0.000000000000000,,10/10/2017 0:00:00,144.893649136103278
92,I495 NB,116.973199980000004,116.973211790000008,I,495,NB,241801,1,1,1,09271,1,1,1,1,1,1,3,3,6,36.000000000000000,10.000000000000000,3,4.000000000000000,3,0.000000000000000,0,99.000000000000000,2,0,0,0,,,2,65,0,65,1,1,,,1,300.000000000000000,1,1,,,180,2,9,4,Merrimack Valley,MVPC,MVRTA,INTERSTATE 495,HAVERHILL CITY LINE,AMESBURY TOWN LINE,180,76448,2017,6,,,0.000011580000000,35.844000000000001,2017,3.662000000000000,2017,0.122300000000000,0.000000000000000,,10/19/2017 0:00:00,0.018633571852975
93,I495 SB,19.669399729999999,19.756000000000000,I,495,SB,279891,1,0,1,09271,1,1,1,1,1,1,3,3,6,36.000000000000000,10.000000000000000,3,4.000000000000000,3,0.000000000000000,0,70.000000000000000,6,0,0,0,,,2,55,0,55,1,1,,,1,300.000000000000000,1,1,,,210,2,9,4,Merrimack Valley,MVPC,MVRTA,INTERSTATE 495,LAWRENCE CITY LINE,LAWRENCE CITY LINE,210,89148,2014,1,5118,5118,0.084916650000000,52.667000000000002,2017,4.343000000000000,2017,0.199100000000000,0.000000000000000,,10/19/2017 0:00:00,136.660108782063645
94,I395 SB,4.300999980000000,4.326999960000000,I,395,SB,296771,1,0,1,97291,1,1,1,1,1,1,2,2,6,24.000000000000000,12.000000000000000,3,4.000000000000000,3,0.000000000000000,0,85.000000000000000,2,0,0,0,,,2,65,0,65,,,,1,,400.000000000000000,1,1,,,226,2,27,3,Central Massachusetts,CMRPC,WRTA,INTERSTATE 395,WEBSTER TOWN LINE,AUBURN TOWN LINE,226,47824,2014,1,3300,3300,0.025954710000000,61.590000000000003,2017,3.300000000000000,2017,0.182000000000000,0.000000000000000,,10/4/2017 0:00:00,41.770051781749082
95,I495 NB,28.574000020000003,28.673999999999999,I,495,NB,288148,1,1,1,09271,1,1,1,1,1,1,3,3,6,36.000000000000000,10.000000000000000,3,4.000000000000000,3,0.000000000000000,0,94.000000000000000,2,0,0,0,,,2,65,0,65,1,1,,,1,200.000000000000000,1,1,,,218,2,5,5,Southeastern Massachusetts,SRPEDD,GATRA,INTERSTATE 495,TAUNTON CITY LINE,MANSFIELD TOWN LINE,218,84999,2017,6,,,0.098366370000000,38.203000000000003,2017,3.624000000000000,2017,0.132900000000000,0.659435260000000,,10/17/2017 0:00:00,158.305331213285029
96,I495 NB,53.301000030000004,53.400999960000000,I,495,NB,188110,1,1,1,09271,1,1,1,1,1,1,3,3,6,36.000000000000000,10.000000000000000,3,4.000000000000000,3,0.000000000000000,0,99.000000000000000,2,0,0,0,,,2,65,0,65,1,1,,,1,200.000000000000000,1,1,,,139,2,17,3,Boston Region,MAPC,NONE,INTERSTATE 495,MILFORD TOWN LINE,WESTBOROUGH TOWN LINE,139,98796,2017,6,,,0.098366350000000,37.383000000000003,2017,3.559000000000000,2017,0.147700000000000,0.000000000000000,,10/18/2017 0:00:00,158.305292859979915
97,I495 SB,77.709999990000000,77.810000040000006,I,495,SB,154101,1,0,1,09271,1,1,1,1,1,1,3,3,6,36.000000000000000,10.000000000000000,3,4.000000000000000,3,0.000000000000000,0,99.000000000000000,2,0,0,0,,,2,65,0,65,1,1,,,1,70.000000000000000,1,1,,,101,2,21,3,Boston Region,MAPC,NONE,INTERSTATE 495,WRENTHAM TOWN LINE,BELLINGHAM TOWN LINE,101,90608,2014,3,6125,6125,0.098055970000000,23.041000000000000,2017,4.500000000000000,2017,0.120500000000000,0.000000000000000,,10/18/2017 0:00:00,157.805784973998385
98,I290 EB,16.663730699999999,16.763008220000003,I,290,EB,285765,1,1,1,97291,1,1,1,1,1,1,3,3,6,36.000000000000000,10.000000000000000,3,4.000000000000000,3,0.000000000000000,0,84.000000000000000,2,0,0,0,,,2,65,0,65,1,1,,,1,450.000000000000000,1,1,,,215,2,27,3,Central Massachusetts,CMRPC,WRTA,INTERSTATE 290,BOYLSTON TOWN LINE,MARLBOROUGH CITY LINE,215,82295,2017,3,,,0.099349590000000,33.539999999999999,2017,4.500000000000000,2017,0.068100000000000,0.000000000000000,,10/4/2017 0:00:00,159.887664266122982
99,I495 NB,73.093999969999999,73.106719970000000,I,495,NB,43331,1,1,1,09271,1,1,1,1,1,1,3,3,6,36.000000000000000,10.000000000000000,3,4.000000000000000,3,0.000000000000000,0,99.000000000000000,2,0,0,0,,,2,65,0,65,,,,1,,300.000000000000000,1,1,,,34,2,27,3,Boston Region,MAPC,NONE,INTERSTATE 495,BERLIN TOWN LINE,HARVARD TOWN LINE,34,98449,2017,6,,,0.012512220000000,44.906999999999996,2017,4.020000000000000,2017,0.194500000000000,0.000000000000000,,10/18/2017 0:00:00,20.136464739372698
100,I495 NB,5.524000010000000,5.624000000000000,I,495,NB,245608,1,1,1,09271,1,1,1,1,1,1,2,2,6,24.000000000000000,10.000000000000000,3,4.000000000000000,3,0.000000000000000,0,90.000000000000000,2,0,0,0,,,2,65,0,65,,,,1,,200.000000000000000,1,1,,,182,2,23,5,Southeastern Massachusetts,SRPEDD,GATRA,INTERSTATE 495,ROCHESTER TOWN LINE,RAYNHAM TOWN LINE,182,48486,2017,3,,,0.098366360000000,75.948999999999998,2017,2.839000000000000,2017,0.196900000000000,11.328914140000000,,10/17/2017 0:00:00,158.305316716053483